seed,method,cycle,training_vms,feedback_vms_remaining,accuracy_pct,precision_pct,recall_pct,f1_pct,mean_confidence_pct
42,confidence,0,679,291,97.11934156378601,96.0,96.96969696969697,96.4824120603015,93.52537722908093
42,confidence,1,699,271,99.1769547325103,98.98989898989899,98.98989898989899,98.98989898989899,93.75034293552812
42,confidence,2,719,251,99.1769547325103,98.98989898989899,98.98989898989899,98.98989898989899,94.1138545953361
42,confidence,3,739,231,99.1769547325103,98.98989898989899,98.98989898989899,98.98989898989899,94.24965706447188
42,confidence,4,759,211,99.58847736625515,99.0,100.0,99.49748743718592,94.44718792866941
42,confidence,5,779,191,99.58847736625515,99.0,100.0,99.49748743718592,94.6474622770919
42,random,0,679,291,97.11934156378601,96.0,96.96969696969697,96.4824120603015,93.52537722908093
42,random,1,699,271,97.94238683127571,97.95918367346938,96.96969696969697,97.46192893401016,93.68449931412894
42,random,2,719,251,97.53086419753086,96.96969696969697,96.96969696969697,96.96969696969697,93.73799725651577
42,random,3,739,231,97.94238683127571,97.95918367346938,96.96969696969697,97.46192893401016,93.76406035665296
42,random,4,759,211,98.35390946502058,100.0,95.95959595959596,97.9381443298969,93.77091906721536
42,random,5,779,191,97.94238683127571,98.95833333333334,95.95959595959596,97.43589743589743,93.74074074074075
7,confidence,0,679,291,96.29629629629629,97.87234042553192,92.92929292929293,95.33678756476684,92.87105624142661
7,confidence,1,699,271,97.53086419753086,98.94736842105263,94.94949494949495,96.90721649484536,92.6556927297668
7,confidence,2,719,251,98.35390946502058,97.97979797979798,97.97979797979798,97.97979797979798,93.27160493827161
7,confidence,3,739,231,98.35390946502058,98.96907216494846,96.96969696969697,97.95918367346938,93.85733882030178
7,confidence,4,759,211,98.35390946502058,98.96907216494846,96.96969696969697,97.95918367346938,94.08504801097394
7,confidence,5,779,191,98.35390946502058,98.96907216494846,96.96969696969697,97.95918367346938,93.95336076817559
7,random,0,679,291,96.29629629629629,97.87234042553192,92.92929292929293,95.33678756476684,92.87105624142661
7,random,1,699,271,96.29629629629629,97.87234042553192,92.92929292929293,95.33678756476684,92.91769547325104
7,random,2,719,251,96.29629629629629,98.91304347826086,91.91919191919192,95.28795811518324,93.18244170096021
7,random,3,739,231,96.70781893004116,98.9247311827957,92.92929292929293,95.83333333333334,93.35528120713306
7,random,4,759,211,96.29629629629629,97.87234042553192,92.92929292929293,95.33678756476684,93.35665294924554
7,random,5,779,191,97.53086419753086,98.94736842105263,94.94949494949495,96.90721649484536,93.22770919067216
21,confidence,0,679,291,98.76543209876543,100.0,96.96969696969697,98.46153846153847,93.4170096021948
21,confidence,1,699,271,99.58847736625515,99.0,100.0,99.49748743718592,93.67489711934157
21,confidence,2,719,251,98.76543209876543,98.0,98.98989898989899,98.49246231155779,93.9122085048011
21,confidence,3,739,231,99.1769547325103,98.98989898989899,98.98989898989899,98.98989898989899,94.14403292181069
21,confidence,4,759,211,99.58847736625515,99.0,100.0,99.49748743718592,94.60631001371742
21,confidence,5,779,191,99.1769547325103,98.98989898989899,98.98989898989899,98.98989898989899,94.58161865569272
21,random,0,679,291,98.76543209876543,100.0,96.96969696969697,98.46153846153847,93.4170096021948
21,random,1,699,271,98.35390946502058,97.02970297029702,98.98989898989899,98.0,93.35665294924554
21,random,2,719,251,99.1769547325103,100.0,97.97979797979798,98.9795918367347,93.45679012345678
21,random,3,739,231,98.35390946502058,97.97979797979798,97.97979797979798,97.97979797979798,93.41426611796983
21,random,4,759,211,97.94238683127571,97.0,97.97979797979798,97.48743718592965,93.3923182441701
21,random,5,779,191,98.76543209876543,98.0,98.98989898989899,98.49246231155779,93.49794238683127
100,confidence,0,679,291,97.11934156378601,98.93617021276596,93.93939393939394,96.37305699481865,93.94650205761317
100,confidence,1,699,271,98.35390946502058,100.0,95.95959595959596,97.9381443298969,94.45541838134432
100,confidence,2,719,251,98.35390946502058,100.0,95.95959595959596,97.9381443298969,94.39506172839506
100,confidence,3,739,231,98.35390946502058,100.0,95.95959595959596,97.9381443298969,94.61865569272977
100,confidence,4,759,211,98.35390946502058,100.0,95.95959595959596,97.9381443298969,94.80246913580247
100,confidence,5,779,191,98.35390946502058,100.0,95.95959595959596,97.9381443298969,94.79286694101509
100,random,0,679,291,97.11934156378601,98.93617021276596,93.93939393939394,96.37305699481865,93.94650205761317
100,random,1,699,271,97.53086419753086,98.94736842105263,94.94949494949495,96.90721649484536,93.93689986282578
100,random,2,719,251,97.53086419753086,98.94736842105263,94.94949494949495,96.90721649484536,93.94513031550068
100,random,3,739,231,97.53086419753086,100.0,93.93939393939394,96.875,93.88065843621399
100,random,4,759,211,97.94238683127571,100.0,94.94949494949495,97.40932642487047,94.06035665294925
100,random,5,779,191,97.94238683127571,100.0,94.94949494949495,97.40932642487047,94.0727023319616
123,confidence,0,679,291,99.58847736625515,100.0,98.98989898989899,99.49238578680203,93.98765432098764
123,confidence,1,699,271,99.1769547325103,98.98989898989899,98.98989898989899,98.98989898989899,94.10150891632372
123,confidence,2,719,251,98.76543209876543,98.9795918367347,97.97979797979798,98.47715736040608,94.17421124828533
123,confidence,3,739,231,98.76543209876543,98.9795918367347,97.97979797979798,98.47715736040608,94.75857338820302
123,confidence,4,759,211,98.76543209876543,98.9795918367347,97.97979797979798,98.47715736040608,94.96982167352539
123,confidence,5,779,191,99.1769547325103,100.0,97.97979797979798,98.9795918367347,94.93964334705075
123,random,0,679,291,99.58847736625515,100.0,98.98989898989899,99.49238578680203,93.98765432098764
123,random,1,699,271,99.58847736625515,100.0,98.98989898989899,99.49238578680203,93.96296296296298
123,random,2,719,251,99.58847736625515,100.0,98.98989898989899,99.49238578680203,94.08230452674897
123,random,3,739,231,99.1769547325103,98.98989898989899,98.98989898989899,98.98989898989899,94.20987654320989
123,random,4,759,211,99.1769547325103,98.98989898989899,98.98989898989899,98.98989898989899,94.38820301783265
123,random,5,779,191,99.1769547325103,98.98989898989899,98.98989898989899,98.98989898989899,94.26886145404664
1,confidence,0,679,291,96.29629629629629,97.87234042553192,92.92929292929293,95.33678756476684,92.2798353909465
1,confidence,1,699,271,97.11934156378601,98.93617021276596,93.93939393939394,96.37305699481865,92.60219478737997
1,confidence,2,719,251,98.35390946502058,100.0,95.95959595959596,97.9381443298969,93.46639231824417
1,confidence,3,739,231,97.94238683127571,100.0,94.94949494949495,97.40932642487047,93.72702331961591
1,confidence,4,759,211,98.35390946502058,100.0,95.95959595959596,97.9381443298969,93.5829903978052
1,confidence,5,779,191,97.53086419753086,98.94736842105263,94.94949494949495,96.90721649484536,93.70644718792866
1,random,0,679,291,96.29629629629629,97.87234042553192,92.92929292929293,95.33678756476684,92.2798353909465
1,random,1,699,271,96.70781893004116,97.89473684210527,93.93939393939394,95.87628865979381,92.33333333333333
1,random,2,719,251,96.29629629629629,97.87234042553192,92.92929292929293,95.33678756476684,92.25788751714677
1,random,3,739,231,95.88477366255144,97.84946236559139,91.91919191919192,94.79166666666666,92.59533607681756
1,random,4,759,211,96.70781893004116,97.89473684210527,93.93939393939394,95.87628865979381,92.73799725651578
1,random,5,779,191,96.70781893004116,97.89473684210527,93.93939393939394,95.87628865979381,92.62551440329219
2,confidence,0,679,291,95.47325102880659,94.89795918367348,93.93939393939394,94.41624365482234,92.83676268861456
2,confidence,1,699,271,97.11934156378601,97.91666666666666,94.94949494949495,96.41025641025641,93.04115226337449
2,confidence,2,719,251,98.76543209876543,100.0,96.96969696969697,98.46153846153847,93.3031550068587
2,confidence,3,739,231,98.35390946502058,100.0,95.95959595959596,97.9381443298969,93.54046639231824
2,confidence,4,759,211,98.76543209876543,100.0,96.96969696969697,98.46153846153847,93.8888888888889
2,confidence,5,779,191,98.76543209876543,100.0,96.96969696969697,98.46153846153847,94.10150891632374
2,random,0,679,291,95.47325102880659,94.89795918367348,93.93939393939394,94.41624365482234,92.83676268861456
2,random,1,699,271,95.88477366255144,94.94949494949495,94.94949494949495,94.94949494949495,92.74897119341564
2,random,2,719,251,95.88477366255144,95.87628865979381,93.93939393939394,94.89795918367348,92.89849108367628
2,random,3,739,231,96.29629629629629,96.875,93.93939393939394,95.38461538461539,93.04526748971195
2,random,4,759,211,96.29629629629629,96.875,93.93939393939394,95.38461538461539,93.1906721536351
2,random,5,779,191,95.88477366255144,95.87628865979381,93.93939393939394,94.89795918367348,93.39917695473251
3,confidence,0,679,291,96.29629629629629,95.91836734693877,94.94949494949495,95.43147208121827,92.40877914951989
3,confidence,1,699,271,98.35390946502058,97.97979797979798,97.97979797979798,97.97979797979798,92.51165980795611
3,confidence,2,719,251,99.58847736625515,99.0,100.0,99.49748743718592,93.1042524005487
3,confidence,3,739,231,99.58847736625515,99.0,100.0,99.49748743718592,93.2798353909465
3,confidence,4,759,211,99.1769547325103,98.98989898989899,98.98989898989899,98.98989898989899,93.31412894375856
3,confidence,5,779,191,99.1769547325103,98.98989898989899,98.98989898989899,98.98989898989899,93.28395061728395
3,random,0,679,291,96.29629629629629,95.91836734693877,94.94949494949495,95.43147208121827,92.40877914951989
3,random,1,699,271,96.29629629629629,95.91836734693877,94.94949494949495,95.43147208121827,92.35528120713306
3,random,2,719,251,96.70781893004116,96.90721649484536,94.94949494949495,95.91836734693877,92.29903978052127
3,random,3,739,231,96.70781893004116,96.90721649484536,94.94949494949495,95.91836734693877,92.36213991769547
3,random,4,759,211,97.11934156378601,96.93877551020408,95.95959595959596,96.44670050761421,92.19753086419753
3,random,5,779,191,97.53086419753086,96.96969696969697,96.96969696969697,96.96969696969697,92.2633744855967
5,confidence,0,679,291,97.94238683127571,97.95918367346938,96.96969696969697,97.46192893401016,94.88203017832647
5,confidence,1,699,271,98.35390946502058,97.97979797979798,97.97979797979798,97.97979797979798,95.06035665294925
5,confidence,2,719,251,98.35390946502058,97.97979797979798,97.97979797979798,97.97979797979798,95.25102880658436
5,confidence,3,739,231,98.35390946502058,97.97979797979798,97.97979797979798,97.97979797979798,95.25788751714678
5,confidence,4,759,211,97.94238683127571,97.0,97.97979797979798,97.48743718592965,95.42798353909464
5,confidence,5,779,191,97.94238683127571,97.95918367346938,96.96969696969697,97.46192893401016,95.48971193415638
5,random,0,679,291,97.94238683127571,97.95918367346938,96.96969696969697,97.46192893401016,94.88203017832647
5,random,1,699,271,97.53086419753086,96.96969696969697,96.96969696969697,96.96969696969697,94.90946502057614
5,random,2,719,251,97.11934156378601,96.93877551020408,95.95959595959596,96.44670050761421,94.89026063100138
5,random,3,739,231,97.94238683127571,97.95918367346938,96.96969696969697,97.46192893401016,95.04115226337449
5,random,4,759,211,98.35390946502058,97.97979797979798,97.97979797979798,97.97979797979798,95.19890260631001
5,random,5,779,191,97.94238683127571,97.0,97.97979797979798,97.48743718592965,95.19890260631001
8,confidence,0,679,291,96.29629629629629,98.91304347826086,91.91919191919192,95.28795811518324,93.61591220850481
8,confidence,1,699,271,98.76543209876543,98.9795918367347,97.97979797979798,98.47715736040608,93.62825788751714
8,confidence,2,719,251,98.35390946502058,98.96907216494846,96.96969696969697,97.95918367346938,93.90260631001371
8,confidence,3,739,231,97.53086419753086,98.94736842105263,94.94949494949495,96.90721649484536,93.84910836762688
8,confidence,4,759,211,97.53086419753086,98.94736842105263,94.94949494949495,96.90721649484536,93.88340192043896
8,confidence,5,779,191,97.11934156378601,98.93617021276596,93.93939393939394,96.37305699481865,94.11111111111111
8,random,0,679,291,96.29629629629629,98.91304347826086,91.91919191919192,95.28795811518324,93.61591220850481
8,random,1,699,271,96.29629629629629,98.91304347826086,91.91919191919192,95.28795811518324,93.61728395061729
8,random,2,719,251,97.11934156378601,98.93617021276596,93.93939393939394,96.37305699481865,93.52537722908093
8,random,3,739,231,97.11934156378601,98.93617021276596,93.93939393939394,96.37305699481865,93.60631001371743
8,random,4,759,211,96.70781893004116,98.9247311827957,92.92929292929293,95.83333333333334,93.51165980795612
8,random,5,779,191,96.70781893004116,98.9247311827957,92.92929292929293,95.83333333333334,93.6556927297668
13,confidence,0,679,291,97.11934156378601,97.91666666666666,94.94949494949495,96.41025641025641,92.62688614540467
13,confidence,1,699,271,98.35390946502058,98.96907216494846,96.96969696969697,97.95918367346938,93.02194787379973
13,confidence,2,719,251,98.35390946502058,98.96907216494846,96.96969696969697,97.95918367346938,93.20027434842251
13,confidence,3,739,231,98.35390946502058,98.96907216494846,96.96969696969697,97.95918367346938,93.48148148148148
13,confidence,4,759,211,98.35390946502058,98.96907216494846,96.96969696969697,97.95918367346938,93.82990397805212
13,confidence,5,779,191,98.76543209876543,100.0,96.96969696969697,98.46153846153847,93.77914951989027
13,random,0,679,291,97.11934156378601,97.91666666666666,94.94949494949495,96.41025641025641,92.62688614540467
13,random,1,699,271,97.94238683127571,100.0,94.94949494949495,97.40932642487047,92.7119341563786
13,random,2,719,251,97.94238683127571,98.95833333333334,95.95959595959596,97.43589743589743,92.94238683127573
13,random,3,739,231,98.76543209876543,100.0,96.96969696969697,98.46153846153847,93.27023319615911
13,random,4,759,211,98.35390946502058,98.96907216494846,96.96969696969697,97.95918367346938,93.31412894375856
13,random,5,779,191,98.76543209876543,100.0,96.96969696969697,98.46153846153847,93.29218106995884
55,confidence,0,679,291,97.11934156378601,96.93877551020408,95.95959595959596,96.44670050761421,93.52126200274348
55,confidence,1,699,271,98.35390946502058,97.97979797979798,97.97979797979798,97.97979797979798,93.5610425240055
55,confidence,2,719,251,98.35390946502058,97.97979797979798,97.97979797979798,97.97979797979798,93.88340192043896
55,confidence,3,739,231,98.35390946502058,97.97979797979798,97.97979797979798,97.97979797979798,94.12071330589849
55,confidence,4,759,211,98.76543209876543,98.9795918367347,97.97979797979798,98.47715736040608,94.31412894375858
55,confidence,5,779,191,98.35390946502058,97.97979797979798,97.97979797979798,97.97979797979798,94.51851851851852
55,random,0,679,291,97.11934156378601,96.93877551020408,95.95959595959596,96.44670050761421,93.52126200274348
55,random,1,699,271,97.11934156378601,96.93877551020408,95.95959595959596,96.44670050761421,93.60082304526749
55,random,2,719,251,97.53086419753086,96.96969696969697,96.96969696969697,96.96969696969697,93.40466392318244
55,random,3,739,231,97.53086419753086,96.96969696969697,96.96969696969697,96.96969696969697,93.59670781893004
55,random,4,759,211,97.53086419753086,96.96969696969697,96.96969696969697,96.96969696969697,93.60493827160494
55,random,5,779,191,97.11934156378601,96.93877551020408,95.95959595959596,96.44670050761421,93.83539094650205
77,confidence,0,679,291,97.53086419753086,98.94736842105263,94.94949494949495,96.90721649484536,93.38820301783265
77,confidence,1,699,271,98.35390946502058,100.0,95.95959595959596,97.9381443298969,93.7517146776406
77,confidence,2,719,251,98.76543209876543,100.0,96.96969696969697,98.46153846153847,93.99451303155007
77,confidence,3,739,231,98.76543209876543,100.0,96.96969696969697,98.46153846153847,94.33882030178327
77,confidence,4,759,211,98.35390946502058,100.0,95.95959595959596,97.9381443298969,94.38408779149519
77,confidence,5,779,191,98.35390946502058,100.0,95.95959595959596,97.9381443298969,94.55281207133058
77,random,0,679,291,97.53086419753086,98.94736842105263,94.94949494949495,96.90721649484536,93.38820301783265
77,random,1,699,271,97.94238683127571,98.95833333333334,95.95959595959596,97.43589743589743,93.5610425240055
77,random,2,719,251,97.94238683127571,98.95833333333334,95.95959595959596,97.43589743589743,93.39368998628258
77,random,3,739,231,98.35390946502058,98.96907216494846,96.96969696969697,97.95918367346938,93.5829903978052
77,random,4,759,211,97.94238683127571,98.95833333333334,95.95959595959596,97.43589743589743,93.6556927297668
77,random,5,779,191,98.35390946502058,100.0,95.95959595959596,97.9381443298969,93.90946502057612
99,confidence,0,679,291,96.70781893004116,98.9247311827957,92.92929292929293,95.83333333333334,94.19753086419752
99,confidence,1,699,271,97.94238683127571,100.0,94.94949494949495,97.40932642487047,93.8326474622771
99,confidence,2,719,251,97.94238683127571,98.95833333333334,95.95959595959596,97.43589743589743,94.3676268861454
99,confidence,3,739,231,97.53086419753086,98.94736842105263,94.94949494949495,96.90721649484536,94.40192043895746
99,confidence,4,759,211,97.53086419753086,98.94736842105263,94.94949494949495,96.90721649484536,94.69135802469137
99,confidence,5,779,191,97.94238683127571,98.95833333333334,95.95959595959596,97.43589743589743,94.77366255144032
99,random,0,679,291,96.70781893004116,98.9247311827957,92.92929292929293,95.83333333333334,94.19753086419752
99,random,1,699,271,97.11934156378601,98.93617021276596,93.93939393939394,96.37305699481865,94.27709190672154
99,random,2,719,251,96.70781893004116,98.9247311827957,92.92929292929293,95.83333333333334,94.12894375857339
99,random,3,739,231,97.11934156378601,98.93617021276596,93.93939393939394,96.37305699481865,94.04526748971193
99,random,4,759,211,96.70781893004116,98.9247311827957,92.92929292929293,95.83333333333334,94.14814814814815
99,random,5,779,191,96.70781893004116,98.9247311827957,92.92929292929293,95.83333333333334,94.32098765432099
200,confidence,0,679,291,98.35390946502058,98.96907216494846,96.96969696969697,97.95918367346938,94.52537722908093
200,confidence,1,699,271,98.76543209876543,98.9795918367347,97.97979797979798,98.47715736040608,94.90260631001372
200,confidence,2,719,251,99.1769547325103,100.0,97.97979797979798,98.9795918367347,95.15500685871055
200,confidence,3,739,231,99.1769547325103,100.0,97.97979797979798,98.9795918367347,95.21673525377228
200,confidence,4,759,211,99.1769547325103,100.0,97.97979797979798,98.9795918367347,95.3196159122085
200,confidence,5,779,191,99.1769547325103,100.0,97.97979797979798,98.9795918367347,95.47873799725652
200,random,0,679,291,98.35390946502058,98.96907216494846,96.96969696969697,97.95918367346938,94.52537722908093
200,random,1,699,271,98.35390946502058,98.96907216494846,96.96969696969697,97.95918367346938,94.50068587105625
200,random,2,719,251,97.94238683127571,98.95833333333334,95.95959595959596,97.43589743589743,94.6323731138546
200,random,3,739,231,97.53086419753086,98.94736842105263,94.94949494949495,96.90721649484536,94.63374485596707
200,random,4,759,211,97.11934156378601,97.91666666666666,94.94949494949495,96.41025641025641,94.76680384087791
200,random,5,779,191,97.53086419753086,98.94736842105263,94.94949494949495,96.90721649484536,94.78600823045268
314,confidence,0,679,291,97.53086419753086,97.9381443298969,95.95959595959596,96.93877551020408,93.03840877914952
314,confidence,1,699,271,99.58847736625515,99.0,100.0,99.49748743718592,93.29080932784636
314,confidence,2,719,251,99.1769547325103,98.98989898989899,98.98989898989899,98.98989898989899,93.72702331961591
314,confidence,3,739,231,98.76543209876543,98.9795918367347,97.97979797979798,98.47715736040608,94.05349794238683
314,confidence,4,759,211,98.76543209876543,98.9795918367347,97.97979797979798,98.47715736040608,94.29080932784635
314,confidence,5,779,191,98.76543209876543,98.0,98.98989898989899,98.49246231155779,94.29492455418381
314,random,0,679,291,97.53086419753086,97.9381443298969,95.95959595959596,96.93877551020408,93.03840877914952
314,random,1,699,271,97.94238683127571,97.95918367346938,96.96969696969697,97.46192893401016,93.24279835390946
314,random,2,719,251,98.35390946502058,98.96907216494846,96.96969696969697,97.95918367346938,93.1124828532236
314,random,3,739,231,98.35390946502058,97.97979797979798,97.97979797979798,97.97979797979798,93.12345679012344
314,random,4,759,211,98.76543209876543,98.0,98.98989898989899,98.49246231155779,93.04663923182443
314,random,5,779,191,98.76543209876543,98.0,98.98989898989899,98.49246231155779,93.18244170096021
512,confidence,0,679,291,97.94238683127571,100.0,94.94949494949495,97.40932642487047,93.22770919067216
512,confidence,1,699,271,98.76543209876543,100.0,96.96969696969697,98.46153846153847,93.67489711934157
512,confidence,2,719,251,98.76543209876543,100.0,96.96969696969697,98.46153846153847,93.4951989026063
512,confidence,3,739,231,98.76543209876543,100.0,96.96969696969697,98.46153846153847,93.90672153635117
512,confidence,4,759,211,98.76543209876543,100.0,96.96969696969697,98.46153846153847,94.0082304526749
512,confidence,5,779,191,98.76543209876543,100.0,96.96969696969697,98.46153846153847,94.05075445816188
512,random,0,679,291,97.94238683127571,100.0,94.94949494949495,97.40932642487047,93.22770919067216
512,random,1,699,271,98.35390946502058,100.0,95.95959595959596,97.9381443298969,93.17969821673526
512,random,2,719,251,98.35390946502058,100.0,95.95959595959596,97.9381443298969,93.38683127572017
512,random,3,739,231,98.35390946502058,100.0,95.95959595959596,97.9381443298969,93.22908093278464
512,random,4,759,211,98.76543209876543,100.0,96.96969696969697,98.46153846153847,93.48696844993142
512,random,5,779,191,98.76543209876543,100.0,96.96969696969697,98.46153846153847,93.56241426611798
777,confidence,0,679,291,97.53086419753086,97.9381443298969,95.95959595959596,96.93877551020408,93.12071330589849
777,confidence,1,699,271,97.94238683127571,97.95918367346938,96.96969696969697,97.46192893401016,93.09876543209876
777,confidence,2,719,251,97.94238683127571,97.95918367346938,96.96969696969697,97.46192893401016,93.20576131687243
777,confidence,3,739,231,98.76543209876543,98.9795918367347,97.97979797979798,98.47715736040608,93.90809327846365
777,confidence,4,759,211,98.35390946502058,98.96907216494846,96.96969696969697,97.95918367346938,94.0727023319616
777,confidence,5,779,191,97.94238683127571,98.95833333333334,95.95959595959596,97.43589743589743,94.23045267489711
777,random,0,679,291,97.53086419753086,97.9381443298969,95.95959595959596,96.93877551020408,93.12071330589849
777,random,1,699,271,97.53086419753086,97.9381443298969,95.95959595959596,96.93877551020408,93.23593964334705
777,random,2,719,251,97.11934156378601,97.91666666666666,94.94949494949495,96.41025641025641,93.27434842249657
777,random,3,739,231,97.11934156378601,97.91666666666666,94.94949494949495,96.41025641025641,93.37174211248285
777,random,4,759,211,97.11934156378601,97.91666666666666,94.94949494949495,96.41025641025641,93.2647462277092
777,random,5,779,191,96.70781893004116,97.89473684210527,93.93939393939394,95.87628865979381,93.3525377229081
1000,confidence,0,679,291,96.70781893004116,97.89473684210527,93.93939393939394,95.87628865979381,94.33333333333334
1000,confidence,1,699,271,97.94238683127571,100.0,94.94949494949495,97.40932642487047,93.6954732510288
1000,confidence,2,719,251,98.35390946502058,100.0,95.95959595959596,97.9381443298969,93.98765432098764
1000,confidence,3,739,231,97.94238683127571,100.0,94.94949494949495,97.40932642487047,94.27709190672154
1000,confidence,4,759,211,97.94238683127571,100.0,94.94949494949495,97.40932642487047,94.45679012345678
1000,confidence,5,779,191,97.53086419753086,100.0,93.93939393939394,96.875,94.61865569272977
1000,random,0,679,291,96.70781893004116,97.89473684210527,93.93939393939394,95.87628865979381,94.33333333333334
1000,random,1,699,271,96.70781893004116,97.89473684210527,93.93939393939394,95.87628865979381,94.31001371742113
1000,random,2,719,251,96.70781893004116,97.89473684210527,93.93939393939394,95.87628865979381,94.27023319615911
1000,random,3,739,231,96.29629629629629,96.875,93.93939393939394,95.38461538461539,94.15363511659808
1000,random,4,759,211,97.11934156378601,96.93877551020408,95.95959595959596,96.44670050761421,94.1358024691358
1000,random,5,779,191,97.53086419753086,97.9381443298969,95.95959595959596,96.93877551020408,94.04252400548697
2024,confidence,0,679,291,98.76543209876543,98.0,98.98989898989899,98.49246231155779,94.05624142661179
2024,confidence,1,699,271,99.1769547325103,98.98989898989899,98.98989898989899,98.98989898989899,94.71056241426614
2024,confidence,2,719,251,98.76543209876543,98.9795918367347,97.97979797979798,98.47715736040608,94.94787379972564
2024,confidence,3,739,231,99.1769547325103,98.98989898989899,98.98989898989899,98.98989898989899,95.38271604938274
2024,confidence,4,759,211,98.76543209876543,98.9795918367347,97.97979797979798,98.47715736040608,95.45541838134432
2024,confidence,5,779,191,99.1769547325103,98.98989898989899,98.98989898989899,98.98989898989899,95.55006858710563
2024,random,0,679,291,98.76543209876543,98.0,98.98989898989899,98.49246231155779,94.05624142661179
2024,random,1,699,271,98.35390946502058,97.97979797979798,97.97979797979798,97.97979797979798,94.35116598079563
2024,random,2,719,251,98.76543209876543,98.0,98.98989898989899,98.49246231155779,94.46913580246914
2024,random,3,739,231,98.35390946502058,98.96907216494846,96.96969696969697,97.95918367346938,94.42112482853223
2024,random,4,759,211,97.53086419753086,98.94736842105263,94.94949494949495,96.90721649484536,94.43209876543209
2024,random,5,779,191,97.94238683127571,97.95918367346938,96.96969696969697,97.46192893401016,94.47050754458162
