vm_id,actual_label,predicted_label,probability_true,confidence_score,confidence_band,recommended_action,correct
921,False,False,0.423,0.577,Low,No Action,True
126,False,False,0.05,0.95,High,No Action,True
957,False,False,0.033,0.967,High,No Action,True
655,True,True,0.997,0.997,High,Shutdown,True
85,False,False,0.003,0.997,High,No Action,True
937,True,True,0.81,0.81,Medium,Resize,True
990,False,False,0.1,0.9,High,No Action,True
118,True,True,1.0,1.0,High,Shutdown,True
1094,False,False,0.107,0.893,Medium,No Action,True
1083,False,False,0.18,0.82,Medium,No Action,True
616,False,False,0.007,0.993,High,No Action,True
389,False,False,0.0,1.0,High,No Action,True
337,False,False,0.0,1.0,High,No Action,True
835,False,False,0.0,1.0,High,No Action,True
240,False,False,0.497,0.503,Low,No Action,True
150,True,True,1.0,1.0,High,Shutdown,True
1009,False,False,0.47,0.53,Low,No Action,True
222,False,False,0.013,0.987,High,No Action,True
457,False,False,0.007,0.993,High,No Action,True
553,True,True,1.0,1.0,High,Shutdown,True
779,True,True,0.967,0.967,High,Shutdown,True
356,False,False,0.0,1.0,High,No Action,True
14,True,True,0.987,0.987,High,Shutdown,True
361,False,False,0.0,1.0,High,No Action,True
528,True,True,0.967,0.967,High,Shutdown,True
433,False,False,0.0,1.0,High,No Action,True
271,False,False,0.003,0.997,High,No Action,True
746,False,False,0.003,0.997,High,No Action,True
188,False,False,0.14,0.86,Medium,No Action,True
1040,False,False,0.003,0.997,High,No Action,True
1203,False,False,0.0,1.0,High,No Action,True
884,False,False,0.21,0.79,Medium,No Action,True
268,False,False,0.0,1.0,High,No Action,True
592,False,False,0.077,0.923,High,No Action,True
986,True,True,0.773,0.773,Medium,Resize,True
834,False,False,0.0,1.0,High,No Action,True
1055,False,False,0.007,0.993,High,No Action,True
775,True,True,1.0,1.0,High,Shutdown,True
730,False,False,0.37,0.63,Low,No Action,True
967,False,False,0.07,0.93,High,No Action,True
313,False,False,0.047,0.953,High,No Action,True
664,True,True,1.0,1.0,High,Shutdown,True
1125,False,False,0.017,0.983,High,No Action,True
203,True,True,1.0,1.0,High,Shutdown,True
702,True,True,1.0,1.0,High,Shutdown,True
492,False,False,0.0,1.0,High,No Action,True
1143,False,False,0.17,0.83,Medium,No Action,True
879,False,False,0.0,1.0,High,No Action,True
1204,False,False,0.0,1.0,High,No Action,True
1052,True,True,0.797,0.797,Medium,Resize,True
98,False,False,0.03,0.97,High,No Action,True
890,True,True,0.957,0.957,High,Shutdown,True
253,True,True,0.56,0.56,Low,No Action,True
34,False,False,0.09,0.91,High,No Action,True
865,False,False,0.0,1.0,High,No Action,True
867,False,False,0.0,1.0,High,No Action,True
985,False,False,0.063,0.937,High,No Action,True
417,False,False,0.0,1.0,High,No Action,True
699,False,False,0.247,0.753,Medium,No Action,True
861,True,True,0.777,0.777,Medium,Resize,True
1129,True,True,0.997,0.997,High,Shutdown,True
90,True,True,1.0,1.0,High,Shutdown,True
751,False,False,0.05,0.95,High,No Action,True
1003,False,False,0.417,0.583,Low,No Action,True
178,True,True,0.803,0.803,Medium,Resize,True
198,True,True,1.0,1.0,High,Shutdown,True
168,True,True,1.0,1.0,High,Shutdown,True
53,False,False,0.003,0.997,High,No Action,True
284,True,True,0.98,0.98,High,Shutdown,True
1065,True,True,0.96,0.96,High,Shutdown,True
517,False,False,0.0,1.0,High,No Action,True
503,True,True,1.0,1.0,High,Shutdown,True
451,True,True,0.997,0.997,High,Shutdown,True
446,False,False,0.0,1.0,High,No Action,True
391,False,False,0.0,1.0,High,No Action,True
645,True,True,1.0,1.0,High,Shutdown,True
568,True,True,0.99,0.99,High,Shutdown,True
260,False,False,0.0,1.0,High,No Action,True
71,True,True,0.973,0.973,High,Shutdown,True
1206,False,False,0.003,0.997,High,No Action,True
919,True,True,1.0,1.0,High,Shutdown,True
275,False,False,0.003,0.997,High,No Action,True
902,False,False,0.0,1.0,High,No Action,True
900,True,True,0.927,0.927,High,Shutdown,True
1188,False,False,0.0,1.0,High,No Action,True
1018,True,True,0.973,0.973,High,Shutdown,True
837,False,False,0.0,1.0,High,No Action,True
710,True,True,0.803,0.803,Medium,Resize,True
89,True,True,1.0,1.0,High,Shutdown,True
1149,False,False,0.0,1.0,High,No Action,True
66,False,False,0.047,0.953,High,No Action,True
989,False,False,0.163,0.837,Medium,No Action,True
172,False,False,0.0,1.0,High,No Action,True
899,False,False,0.403,0.597,Low,No Action,True
709,True,True,0.983,0.983,High,Shutdown,True
64,True,True,1.0,1.0,High,Shutdown,True
406,False,False,0.0,1.0,High,No Action,True
407,False,False,0.01,0.99,High,No Action,True
134,True,True,0.997,0.997,High,Shutdown,True
622,False,False,0.003,0.997,High,No Action,True
2,True,True,0.993,0.993,High,Shutdown,True
908,False,False,0.0,1.0,High,No Action,True
456,False,False,0.003,0.997,High,No Action,True
977,False,False,0.13,0.87,Medium,No Action,True
580,True,True,1.0,1.0,High,Shutdown,True
447,False,False,0.0,1.0,High,No Action,True
445,False,False,0.0,1.0,High,No Action,True
752,False,False,0.04,0.96,High,No Action,True
113,True,True,1.0,1.0,High,Shutdown,True
55,True,True,0.993,0.993,High,Shutdown,True
415,False,False,0.0,1.0,High,No Action,True
324,True,True,1.0,1.0,High,Shutdown,True
906,False,False,0.0,1.0,High,No Action,True
609,False,False,0.023,0.977,High,No Action,True
159,True,True,0.997,0.997,High,Shutdown,True
110,True,True,0.857,0.857,Medium,Resize,True
444,False,False,0.0,1.0,High,No Action,True
1063,False,False,0.0,1.0,High,No Action,True
984,False,False,0.09,0.91,High,No Action,True
1122,False,False,0.343,0.657,Low,No Action,True
315,False,False,0.063,0.937,High,No Action,True
842,False,False,0.003,0.997,High,No Action,True
146,False,False,0.01,0.99,High,No Action,True
982,False,False,0.127,0.873,Medium,No Action,True
978,False,False,0.003,0.997,High,No Action,True
41,False,False,0.067,0.933,High,No Action,True
723,True,True,0.987,0.987,High,Shutdown,True
132,True,True,0.977,0.977,High,Shutdown,True
1002,False,False,0.003,0.997,High,No Action,True
706,True,True,0.993,0.993,High,Shutdown,True
169,True,True,1.0,1.0,High,Shutdown,True
46,True,True,0.983,0.983,High,Shutdown,True
1028,True,True,0.937,0.937,High,Shutdown,True
587,False,False,0.163,0.837,Medium,No Action,True
267,False,False,0.003,0.997,High,No Action,True
366,False,False,0.0,1.0,High,No Action,True
550,True,True,0.743,0.743,Medium,Resize,True
695,True,True,1.0,1.0,High,Shutdown,True
721,True,True,1.0,1.0,High,Shutdown,True
646,True,True,1.0,1.0,High,Shutdown,True
540,True,True,0.993,0.993,High,Shutdown,True
830,False,False,0.0,1.0,High,No Action,True
972,False,False,0.027,0.973,High,No Action,True
887,False,False,0.26,0.74,Medium,No Action,True
562,True,True,1.0,1.0,High,Shutdown,True
793,False,False,0.063,0.937,High,No Action,True
547,True,True,0.993,0.993,High,Shutdown,True
649,True,True,1.0,1.0,High,Shutdown,True
930,False,False,0.0,1.0,High,No Action,True
121,True,True,1.0,1.0,High,Shutdown,True
8,False,False,0.0,1.0,High,No Action,True
249,False,False,0.0,1.0,High,No Action,True
716,False,False,0.047,0.953,High,No Action,True
529,True,True,0.887,0.887,Medium,Resize,True
514,True,True,0.9,0.9,High,Shutdown,True
1054,False,False,0.133,0.867,Medium,No Action,True
402,False,False,0.0,1.0,High,No Action,True
213,True,True,1.0,1.0,High,Shutdown,True
554,True,True,0.973,0.973,High,Shutdown,True
301,False,True,0.593,0.593,Low,No Action,False
765,False,False,0.23,0.77,Medium,No Action,True
251,False,False,0.0,1.0,High,No Action,True
497,False,False,0.013,0.987,High,No Action,True
401,False,False,0.0,1.0,High,No Action,True
1153,False,False,0.0,1.0,High,No Action,True
774,False,False,0.0,1.0,High,No Action,True
162,True,True,1.0,1.0,High,Shutdown,True
1191,False,False,0.183,0.817,Medium,No Action,True
852,True,True,0.993,0.993,High,Shutdown,True
83,True,True,1.0,1.0,High,Shutdown,True
1026,False,False,0.0,1.0,High,No Action,True
757,False,False,0.017,0.983,High,No Action,True
1112,True,True,0.943,0.943,High,Shutdown,True
862,True,True,1.0,1.0,High,Shutdown,True
147,True,True,1.0,1.0,High,Shutdown,True
769,True,True,0.64,0.64,Low,No Action,True
726,False,False,0.0,1.0,High,No Action,True
831,False,False,0.0,1.0,High,No Action,True
551,True,True,0.99,0.99,High,Shutdown,True
803,False,False,0.0,1.0,High,No Action,True
359,False,False,0.0,1.0,High,No Action,True
82,False,False,0.003,0.997,High,No Action,True
533,False,False,0.0,1.0,High,No Action,True
1053,False,False,0.057,0.943,High,No Action,True
221,True,True,1.0,1.0,High,Shutdown,True
701,True,True,0.997,0.997,High,Shutdown,True
749,False,False,0.107,0.893,Medium,No Action,True
1,False,False,0.02,0.98,High,No Action,True
51,False,False,0.013,0.987,High,No Action,True
370,False,False,0.0,1.0,High,No Action,True
190,True,True,1.0,1.0,High,Shutdown,True
573,True,True,0.99,0.99,High,Shutdown,True
811,False,False,0.0,1.0,High,No Action,True
566,True,True,0.977,0.977,High,Shutdown,True
1173,True,True,1.0,1.0,High,Shutdown,True
1115,True,True,0.767,0.767,Medium,Resize,True
791,True,True,1.0,1.0,High,Shutdown,True
124,True,True,1.0,1.0,High,Shutdown,True
1171,True,True,1.0,1.0,High,Shutdown,True
866,False,False,0.0,1.0,High,No Action,True
242,True,True,0.68,0.68,Low,No Action,True
129,True,True,0.993,0.993,High,Shutdown,True
491,False,False,0.003,0.997,High,No Action,True
670,True,True,0.993,0.993,High,Shutdown,True
482,True,True,0.86,0.86,Medium,Resize,True
1159,True,True,1.0,1.0,High,Shutdown,True
983,True,True,0.707,0.707,Medium,Resize,True
747,True,True,0.72,0.72,Medium,Resize,True
618,False,False,0.0,1.0,High,No Action,True
463,True,True,1.0,1.0,High,Shutdown,True
585,True,True,0.97,0.97,High,Shutdown,True
387,False,False,0.0,1.0,High,No Action,True
1098,False,False,0.25,0.75,Medium,No Action,True
836,False,False,0.0,1.0,High,No Action,True
228,True,True,1.0,1.0,High,Shutdown,True
847,False,False,0.0,1.0,High,No Action,True
1209,False,False,0.0,1.0,High,No Action,True
333,False,False,0.0,1.0,High,No Action,True
624,False,False,0.003,0.997,High,No Action,True
1006,True,True,1.0,1.0,High,Shutdown,True
182,False,False,0.06,0.94,High,No Action,True
675,True,True,0.997,0.997,High,Shutdown,True
307,True,True,0.983,0.983,High,Shutdown,True
971,False,False,0.217,0.783,Medium,No Action,True
311,True,True,0.953,0.953,High,Shutdown,True
567,False,False,0.077,0.923,High,No Action,True
740,False,False,0.01,0.99,High,No Action,True
784,False,False,0.0,1.0,High,No Action,True
667,True,True,1.0,1.0,High,Shutdown,True
948,False,False,0.03,0.97,High,No Action,True
264,False,False,0.003,0.997,High,No Action,True
87,False,False,0.063,0.937,High,No Action,True
419,False,False,0.0,1.0,High,No Action,True
1061,False,False,0.03,0.97,High,No Action,True
1031,True,True,0.997,0.997,High,Shutdown,True
1168,True,True,1.0,1.0,High,Shutdown,True
1081,False,False,0.073,0.927,High,No Action,True
360,False,False,0.0,1.0,High,No Action,True
1156,True,True,0.97,0.97,High,Shutdown,True
501,False,False,0.233,0.767,Medium,No Action,True
277,False,False,0.013,0.987,High,No Action,True
886,False,False,0.0,1.0,High,No Action,True
894,False,False,0.003,0.997,High,No Action,True
